-- phpMyAdmin SQL Dump
-- version 4.2.7.1
-- http://www.phpmyadmin.net
--
-- Host: 127.0.0.1
-- Generation Time: 21 Agu 2019 pada 11.48
-- Versi Server: 5.6.20
-- PHP Version: 5.5.15

SET SQL_MODE = "NO_AUTO_VALUE_ON_ZERO";
SET time_zone = "+00:00";


/*!40101 SET @OLD_CHARACTER_SET_CLIENT=@@CHARACTER_SET_CLIENT */;
/*!40101 SET @OLD_CHARACTER_SET_RESULTS=@@CHARACTER_SET_RESULTS */;
/*!40101 SET @OLD_COLLATION_CONNECTION=@@COLLATION_CONNECTION */;
/*!40101 SET NAMES utf8 */;

--
-- Database: `db_pos`
--

-- --------------------------------------------------------

--
-- Struktur dari tabel `tec_categories`
--

CREATE TABLE IF NOT EXISTS `tec_categories` (
`id` int(11) NOT NULL,
  `code` varchar(20) NOT NULL,
  `name` varchar(55) NOT NULL,
  `image` varchar(100) DEFAULT 'no_image.png'
) ENGINE=InnoDB  DEFAULT CHARSET=utf8 AUTO_INCREMENT=34 ;

--
-- Dumping data untuk tabel `tec_categories`
--

INSERT INTO `tec_categories` (`id`, `code`, `name`, `image`) VALUES
(1, 'tlr', 'telur', 'no_image.png'),
(2, 'dgg', 'daging', 'no_image.png'),
(3, 'rti', 'roti', 'no_image.png'),
(31, 'teh', 'teh', 'no_image.png'),
(32, 'tpg', 'tepung', 'no_image.png'),
(33, 'gla', 'gula', 'no_image.png');

-- --------------------------------------------------------

--
-- Struktur dari tabel `tec_category_menu`
--

CREATE TABLE IF NOT EXISTS `tec_category_menu` (
`id` int(11) NOT NULL,
  `code` varchar(20) CHARACTER SET utf8 NOT NULL,
  `name` varchar(55) CHARACTER SET utf8 NOT NULL,
  `image` varchar(100) CHARACTER SET utf8 DEFAULT 'no_image.png'
) ENGINE=InnoDB  DEFAULT CHARSET=latin1 AUTO_INCREMENT=7 ;

--
-- Dumping data untuk tabel `tec_category_menu`
--

INSERT INTO `tec_category_menu` (`id`, `code`, `name`, `image`) VALUES
(1, 'tes', 'tes menu', 'no_image.png'),
(3, 'lagi123', 'input nama lagi 123', 'no_image.png'),
(5, 'nsg', 'nasi goreng', 'no_image.png'),
(6, 'mig', 'mie goreng', 'no_image.png');

-- --------------------------------------------------------

--
-- Struktur dari tabel `tec_combo_items`
--

CREATE TABLE IF NOT EXISTS `tec_combo_items` (
`id` int(11) NOT NULL,
  `product_id` int(11) NOT NULL,
  `item_code` varchar(20) NOT NULL,
  `quantity` decimal(12,4) NOT NULL,
  `price` decimal(25,2) DEFAULT NULL,
  `cost` decimal(25,2) DEFAULT NULL
) ENGINE=InnoDB DEFAULT CHARSET=utf8 AUTO_INCREMENT=1 ;

-- --------------------------------------------------------

--
-- Struktur dari tabel `tec_customers`
--

CREATE TABLE IF NOT EXISTS `tec_customers` (
`id` int(11) NOT NULL,
  `name` varchar(55) NOT NULL,
  `cf1` varchar(255) NOT NULL,
  `cf2` varchar(255) NOT NULL,
  `phone` varchar(20) NOT NULL,
  `email` varchar(100) NOT NULL,
  `store_id` int(11) DEFAULT NULL
) ENGINE=InnoDB  DEFAULT CHARSET=utf8 AUTO_INCREMENT=3 ;

--
-- Dumping data untuk tabel `tec_customers`
--

INSERT INTO `tec_customers` (`id`, `name`, `cf1`, `cf2`, `phone`, `email`, `store_id`) VALUES
(1, 'Walk-in Client', '', '', '085257608899', 'customer@indokasir.com', NULL),
(2, 'Dicky pratama', '', '', '82245408444', 'dckypratama@gmail.com', NULL);

-- --------------------------------------------------------

--
-- Struktur dari tabel `tec_expenses`
--

CREATE TABLE IF NOT EXISTS `tec_expenses` (
`id` int(11) NOT NULL,
  `date` timestamp NOT NULL DEFAULT CURRENT_TIMESTAMP,
  `reference` varchar(50) NOT NULL,
  `amount` decimal(25,2) NOT NULL,
  `note` varchar(1000) DEFAULT NULL,
  `created_by` varchar(55) NOT NULL,
  `attachment` varchar(55) DEFAULT NULL,
  `store_id` int(11) NOT NULL DEFAULT '1'
) ENGINE=InnoDB DEFAULT CHARSET=utf8 AUTO_INCREMENT=1 ;

-- --------------------------------------------------------

--
-- Struktur dari tabel `tec_gift_cards`
--

CREATE TABLE IF NOT EXISTS `tec_gift_cards` (
`id` int(11) NOT NULL,
  `date` timestamp NOT NULL DEFAULT CURRENT_TIMESTAMP,
  `card_no` varchar(20) NOT NULL,
  `value` decimal(25,2) NOT NULL,
  `customer_id` int(11) DEFAULT NULL,
  `balance` decimal(25,2) NOT NULL,
  `expiry` date DEFAULT NULL,
  `created_by` int(11) DEFAULT NULL,
  `store_id` int(11) DEFAULT NULL
) ENGINE=InnoDB  DEFAULT CHARSET=utf8 AUTO_INCREMENT=2 ;

--
-- Dumping data untuk tabel `tec_gift_cards`
--

INSERT INTO `tec_gift_cards` (`id`, `date`, `card_no`, `value`, `customer_id`, `balance`, `expiry`, `created_by`, `store_id`) VALUES
(1, '2018-02-11 05:00:21', '3950 0670 6260 9297', '12.00', NULL, '12.00', '2018-02-15', 8, NULL);

-- --------------------------------------------------------

--
-- Struktur dari tabel `tec_groups`
--

CREATE TABLE IF NOT EXISTS `tec_groups` (
`id` mediumint(8) unsigned NOT NULL,
  `name` varchar(50) NOT NULL,
  `description` varchar(100) NOT NULL
) ENGINE=InnoDB  DEFAULT CHARSET=utf8 AUTO_INCREMENT=11 ;

--
-- Dumping data untuk tabel `tec_groups`
--

INSERT INTO `tec_groups` (`id`, `name`, `description`) VALUES
(1, 'admin', 'administrator'),
(2, 'Staff', 'Staff'),
(3, 'Admin2', 'Admin Cabang Resto'),
(4, 'Akunting/Office (Back Office)', 'Akunting/Office (Back Office)'),
(5, 'SPV Kasir', 'Super Visor Kasir'),
(6, 'Cashier (Front Office)', 'Cashier (Front Office)'),
(7, 'SPV Waitress', 'Super Visor Waitress'),
(8, 'Waitress', 'Waitress'),
(9, 'Manager/SPV', 'Manager/SPV'),
(10, 'Cost Control', 'Cost Control');

-- --------------------------------------------------------

--
-- Struktur dari tabel `tec_login_attempts`
--

CREATE TABLE IF NOT EXISTS `tec_login_attempts` (
`id` mediumint(8) unsigned NOT NULL,
  `ip_address` varbinary(16) NOT NULL,
  `login` varchar(100) NOT NULL,
  `time` int(11) unsigned DEFAULT NULL
) ENGINE=InnoDB  DEFAULT CHARSET=utf8 AUTO_INCREMENT=3 ;

--
-- Dumping data untuk tabel `tec_login_attempts`
--

INSERT INTO `tec_login_attempts` (`id`, `ip_address`, `login`, `time`) VALUES
(2, 0x3a3a31, 'addmin', 1566354341);

-- --------------------------------------------------------

--
-- Struktur dari tabel `tec_payments`
--

CREATE TABLE IF NOT EXISTS `tec_payments` (
`id` int(11) NOT NULL,
  `date` timestamp NULL DEFAULT CURRENT_TIMESTAMP,
  `sale_id` int(11) DEFAULT NULL,
  `customer_id` int(11) DEFAULT NULL,
  `transaction_id` varchar(50) DEFAULT NULL,
  `paid_by` varchar(20) NOT NULL,
  `cheque_no` varchar(20) DEFAULT NULL,
  `cc_no` varchar(20) DEFAULT NULL,
  `cc_holder` varchar(25) DEFAULT NULL,
  `cc_month` varchar(2) DEFAULT NULL,
  `cc_year` varchar(4) DEFAULT NULL,
  `cc_type` varchar(20) DEFAULT NULL,
  `amount` decimal(25,2) NOT NULL,
  `currency` varchar(3) DEFAULT NULL,
  `created_by` int(11) NOT NULL,
  `attachment` varchar(55) DEFAULT NULL,
  `note` varchar(1000) DEFAULT NULL,
  `pos_paid` decimal(25,2) DEFAULT '0.00',
  `pos_balance` decimal(25,2) DEFAULT '0.00',
  `gc_no` varchar(20) DEFAULT NULL,
  `reference` varchar(50) DEFAULT NULL,
  `updated_by` int(11) DEFAULT NULL,
  `updated_at` timestamp NULL DEFAULT NULL,
  `store_id` int(11) NOT NULL DEFAULT '1'
) ENGINE=InnoDB  DEFAULT CHARSET=utf8 AUTO_INCREMENT=7 ;

--
-- Dumping data untuk tabel `tec_payments`
--

INSERT INTO `tec_payments` (`id`, `date`, `sale_id`, `customer_id`, `transaction_id`, `paid_by`, `cheque_no`, `cc_no`, `cc_holder`, `cc_month`, `cc_year`, `cc_type`, `amount`, `currency`, `created_by`, `attachment`, `note`, `pos_paid`, `pos_balance`, `gc_no`, `reference`, `updated_by`, `updated_at`, `store_id`) VALUES
(1, '2019-08-19 07:15:13', 1, 2, NULL, 'cash', '', '', '', '', '', '', '15000.00', NULL, 13, NULL, '', '50000.00', '35000.00', '', NULL, NULL, NULL, 1),
(2, '2019-08-19 07:18:30', 2, 2, NULL, 'cash', '', '', '', '', '', '', '115000.00', NULL, 13, NULL, '', '200000.00', '85000.00', '', NULL, NULL, NULL, 1),
(3, '2019-08-21 04:31:09', 3, 1, NULL, 'cash', '', '', '', '', '', '', '157100.00', NULL, 9, NULL, '', '200000.00', '42900.00', '', NULL, NULL, NULL, 1),
(4, '2019-08-21 04:37:22', 4, 1, NULL, 'cash', '', '', '', '', '', '', '200000.00', NULL, 9, NULL, '', '200000.00', NULL, '', NULL, NULL, NULL, 1),
(5, '2019-08-21 04:38:08', 5, 1, NULL, 'cash', '', '', '', '', '', '', '44200.00', NULL, 9, NULL, '', '50000.00', '5800.00', '', NULL, NULL, NULL, 1),
(6, '2019-08-21 04:55:57', 6, 1, NULL, 'cash', '', '', '', '', '', '', '42100.00', NULL, 9, NULL, '', '50000.00', '7900.00', '', NULL, NULL, NULL, 1);

-- --------------------------------------------------------

--
-- Struktur dari tabel `tec_printers`
--

CREATE TABLE IF NOT EXISTS `tec_printers` (
`id` int(11) NOT NULL,
  `title` varchar(55) NOT NULL,
  `type` varchar(25) NOT NULL,
  `profile` varchar(25) NOT NULL,
  `char_per_line` tinyint(3) unsigned DEFAULT NULL,
  `path` varchar(255) DEFAULT NULL,
  `ip_address` varbinary(45) DEFAULT NULL,
  `port` varchar(10) DEFAULT NULL
) ENGINE=InnoDB DEFAULT CHARSET=utf8 AUTO_INCREMENT=1 ;

-- --------------------------------------------------------

--
-- Struktur dari tabel `tec_products`
--

CREATE TABLE IF NOT EXISTS `tec_products` (
`id` int(11) NOT NULL,
  `code` varchar(50) NOT NULL,
  `name` char(255) NOT NULL,
  `category_id` int(11) NOT NULL DEFAULT '1',
  `price` decimal(25,2) NOT NULL,
  `image` varchar(255) DEFAULT 'no_image.png',
  `tax` varchar(20) DEFAULT NULL,
  `cost` decimal(25,2) DEFAULT NULL,
  `tax_method` tinyint(1) DEFAULT '1',
  `quantity` decimal(15,2) DEFAULT '0.00',
  `barcode_symbology` varchar(20) NOT NULL DEFAULT 'code39',
  `type` varchar(20) NOT NULL DEFAULT 'standard',
  `details` text,
  `alert_quantity` decimal(10,2) DEFAULT '0.00'
) ENGINE=InnoDB  DEFAULT CHARSET=utf8 AUTO_INCREMENT=5 ;

--
-- Dumping data untuk tabel `tec_products`
--

INSERT INTO `tec_products` (`id`, `code`, `name`, `category_id`, `price`, `image`, `tax`, `cost`, `tax_method`, `quantity`, `barcode_symbology`, `type`, `details`, `alert_quantity`) VALUES
(1, 'tlr', 'telur', 1, '22100.00', 'no_image.png', '0', '21100.00', 0, '0.00', 'code39', 'standard', '', '5.00'),
(2, 'dgg123', 'daging sapi', 2, '100000.00', 'no_image.png', '0', '90000.00', 0, '0.00', 'code39', 'standard', '', '0.00'),
(3, 'trg123', 'terigu', 32, '20000.00', 'no_image.png', '0', '15000.00', 0, '0.00', 'code39', 'standard', '', '0.00'),
(4, '123', 'sariroti', 3, '15000.00', '5700cfd0e77b308e3aeff7e4214b12a0.png', '0', '10000.00', 0, '0.00', 'code39', 'standard', '', '0.00');

-- --------------------------------------------------------

--
-- Struktur dari tabel `tec_product_store_qty`
--

CREATE TABLE IF NOT EXISTS `tec_product_store_qty` (
`id` int(11) NOT NULL,
  `product_id` int(11) NOT NULL,
  `store_id` int(11) NOT NULL,
  `quantity` decimal(12,2) NOT NULL DEFAULT '0.00',
  `price` decimal(25,2) DEFAULT NULL
) ENGINE=InnoDB  DEFAULT CHARSET=utf8 AUTO_INCREMENT=9 ;

--
-- Dumping data untuk tabel `tec_product_store_qty`
--

INSERT INTO `tec_product_store_qty` (`id`, `product_id`, `store_id`, `quantity`, `price`) VALUES
(1, 1, 1, '-12.00', '0.00'),
(2, 2, 1, '2.00', '0.00'),
(3, 3, 1, '0.00', '0.00'),
(4, 4, 1, '-1.00', '0.00'),
(5, 1, 1, '-12.00', '0.00'),
(6, 2, 1, '2.00', '0.00'),
(7, 3, 1, '0.00', '0.00'),
(8, 4, 1, '-1.00', '0.00');

-- --------------------------------------------------------

--
-- Struktur dari tabel `tec_purchases`
--

CREATE TABLE IF NOT EXISTS `tec_purchases` (
`id` int(11) NOT NULL,
  `reference` varchar(55) NOT NULL,
  `date` timestamp NOT NULL DEFAULT CURRENT_TIMESTAMP,
  `note` varchar(1000) NOT NULL,
  `total` decimal(25,2) NOT NULL,
  `attachment` varchar(255) DEFAULT NULL,
  `supplier_id` int(11) DEFAULT NULL,
  `received` tinyint(1) DEFAULT NULL,
  `created_by` int(11) NOT NULL,
  `store_id` int(11) NOT NULL DEFAULT '1'
) ENGINE=InnoDB DEFAULT CHARSET=utf8 AUTO_INCREMENT=1 ;

-- --------------------------------------------------------

--
-- Struktur dari tabel `tec_purchase_items`
--

CREATE TABLE IF NOT EXISTS `tec_purchase_items` (
`id` int(11) NOT NULL,
  `purchase_id` int(11) NOT NULL,
  `product_id` int(11) NOT NULL,
  `quantity` decimal(15,2) NOT NULL,
  `cost` decimal(25,2) NOT NULL,
  `subtotal` decimal(25,2) NOT NULL
) ENGINE=InnoDB DEFAULT CHARSET=utf8 AUTO_INCREMENT=1 ;

-- --------------------------------------------------------

--
-- Struktur dari tabel `tec_registers`
--

CREATE TABLE IF NOT EXISTS `tec_registers` (
`id` int(11) NOT NULL,
  `date` timestamp NOT NULL DEFAULT CURRENT_TIMESTAMP,
  `user_id` int(11) NOT NULL,
  `cash_in_hand` decimal(25,2) NOT NULL,
  `status` varchar(10) NOT NULL,
  `total_cash` decimal(25,2) DEFAULT NULL,
  `total_cheques` int(11) DEFAULT NULL,
  `total_cc_slips` int(11) DEFAULT NULL,
  `total_cash_submitted` decimal(25,2) NOT NULL,
  `total_cheques_submitted` int(11) NOT NULL,
  `total_cc_slips_submitted` int(11) NOT NULL,
  `note` text,
  `closed_at` timestamp NULL DEFAULT NULL,
  `transfer_opened_bills` varchar(50) DEFAULT NULL,
  `closed_by` int(11) DEFAULT NULL,
  `store_id` int(11) NOT NULL DEFAULT '1'
) ENGINE=InnoDB  DEFAULT CHARSET=utf8 AUTO_INCREMENT=16 ;

--
-- Dumping data untuk tabel `tec_registers`
--

INSERT INTO `tec_registers` (`id`, `date`, `user_id`, `cash_in_hand`, `status`, `total_cash`, `total_cheques`, `total_cc_slips`, `total_cash_submitted`, `total_cheques_submitted`, `total_cc_slips_submitted`, `note`, `closed_at`, `transfer_opened_bills`, `closed_by`, `store_id`) VALUES
(11, '2018-02-08 12:21:44', 7, '10000000.00', 'open', NULL, NULL, NULL, '0.00', 0, 0, NULL, NULL, NULL, NULL, 1),
(12, '2018-02-08 13:11:40', 8, '10000000.00', 'open', NULL, NULL, NULL, '0.00', 0, 0, NULL, NULL, NULL, NULL, 1),
(13, '2018-04-26 12:00:27', 9, '10000000.00', 'open', NULL, NULL, NULL, '0.00', 0, 0, NULL, NULL, NULL, NULL, 1),
(14, '2019-07-12 07:44:46', 11, '2000000.00', 'open', NULL, NULL, NULL, '0.00', 0, 0, NULL, NULL, NULL, NULL, 1),
(15, '2019-08-15 06:16:32', 13, '500000.00', 'open', NULL, NULL, NULL, '0.00', 0, 0, NULL, NULL, NULL, NULL, 1);

-- --------------------------------------------------------

--
-- Struktur dari tabel `tec_sales`
--

CREATE TABLE IF NOT EXISTS `tec_sales` (
`id` int(11) NOT NULL,
  `date` datetime NOT NULL,
  `customer_id` int(11) NOT NULL,
  `customer_name` varchar(55) NOT NULL,
  `table_id` int(11) NOT NULL,
  `table_name` varchar(30) NOT NULL,
  `total` decimal(25,2) NOT NULL,
  `product_discount` decimal(25,2) DEFAULT NULL,
  `order_discount_id` varchar(20) DEFAULT NULL,
  `order_discount` decimal(25,2) DEFAULT NULL,
  `total_discount` decimal(25,2) DEFAULT NULL,
  `product_tax` decimal(25,2) DEFAULT NULL,
  `order_tax_id` varchar(20) DEFAULT NULL,
  `order_tax` decimal(25,2) DEFAULT NULL,
  `total_tax` decimal(25,2) DEFAULT NULL,
  `grand_total` decimal(25,2) NOT NULL,
  `total_items` int(11) DEFAULT NULL,
  `total_quantity` decimal(15,2) DEFAULT NULL,
  `paid` decimal(25,2) DEFAULT NULL,
  `created_by` int(11) DEFAULT NULL,
  `updated_by` int(11) DEFAULT NULL,
  `updated_at` datetime DEFAULT NULL,
  `note` varchar(1000) DEFAULT NULL,
  `status` varchar(20) DEFAULT NULL,
  `rounding` decimal(8,2) DEFAULT NULL,
  `store_id` int(11) NOT NULL DEFAULT '1',
  `hold_ref` varchar(255) DEFAULT NULL
) ENGINE=InnoDB  DEFAULT CHARSET=utf8 AUTO_INCREMENT=8 ;

--
-- Dumping data untuk tabel `tec_sales`
--

INSERT INTO `tec_sales` (`id`, `date`, `customer_id`, `customer_name`, `table_id`, `table_name`, `total`, `product_discount`, `order_discount_id`, `order_discount`, `total_discount`, `product_tax`, `order_tax_id`, `order_tax`, `total_tax`, `grand_total`, `total_items`, `total_quantity`, `paid`, `created_by`, `updated_by`, `updated_at`, `note`, `status`, `rounding`, `store_id`, `hold_ref`) VALUES
(1, '2019-08-19 14:15:13', 2, 'Dicky pratama', 0, '', '15000.00', '0.00', NULL, '0.00', '0.00', '0.00', '0%', '0.00', '0.00', '15000.00', 1, '1.00', '15000.00', 13, NULL, NULL, '', 'paid', '0.00', 1, ''),
(2, '2019-08-19 14:18:30', 2, 'Dicky pratama', 0, '', '115000.00', '0.00', NULL, '0.00', '0.00', '0.00', '0%', '0.00', '0.00', '115000.00', 2, '2.00', '115000.00', 13, NULL, NULL, '', 'paid', '0.00', 1, ''),
(3, '2019-08-21 11:31:09', 1, 'Walk-in Client', 0, '', '157100.00', '0.00', NULL, '0.00', '0.00', '0.00', '0%', '0.00', '0.00', '157100.00', 4, '4.00', '157100.00', 9, NULL, NULL, '', 'paid', '0.00', 1, ''),
(4, '2019-08-21 11:37:22', 1, 'Walk-in Client', 0, '', '115000.00', '0.00', NULL, '0.00', '0.00', '0.00', '0%', '0.00', '0.00', '115000.00', 2, '2.00', '200000.00', 9, NULL, NULL, '', 'paid', '0.00', 1, ''),
(5, '2019-08-21 11:38:08', 1, 'Walk-in Client', 0, '', '44200.00', '0.00', NULL, '0.00', '0.00', '0.00', '0%', '0.00', '0.00', '44200.00', 1, '2.00', '44200.00', 9, NULL, NULL, '', 'paid', '0.00', 1, ''),
(6, '2019-08-21 11:55:57', 1, 'Walk-in Client', 0, '', '42100.00', '0.00', NULL, '0.00', '0.00', '0.00', '0%', '0.00', '0.00', '42100.00', 2, '2.00', '42100.00', 9, NULL, NULL, '', 'paid', '0.00', 1, ''),
(7, '2019-08-21 13:21:41', 1, 'Walk-in Client', 1, 'D-1', '37100.00', '0.00', NULL, '0.00', '0.00', '0.00', '0%', '0.00', '0.00', '37100.00', 2, '2.00', '37100.00', 9, NULL, NULL, '', 'paid', '0.00', 1, '');

-- --------------------------------------------------------

--
-- Struktur dari tabel `tec_sale_items`
--

CREATE TABLE IF NOT EXISTS `tec_sale_items` (
`id` int(11) NOT NULL,
  `sale_id` int(11) NOT NULL,
  `product_id` int(11) NOT NULL,
  `quantity` decimal(15,2) NOT NULL,
  `unit_price` decimal(25,2) NOT NULL,
  `net_unit_price` decimal(25,2) NOT NULL,
  `discount` varchar(20) DEFAULT NULL,
  `item_discount` decimal(25,2) DEFAULT NULL,
  `tax` int(20) DEFAULT NULL,
  `item_tax` decimal(25,2) DEFAULT NULL,
  `subtotal` decimal(25,2) NOT NULL,
  `real_unit_price` decimal(25,2) DEFAULT NULL,
  `cost` decimal(25,2) DEFAULT '0.00',
  `product_code` varchar(50) DEFAULT NULL,
  `product_name` varchar(50) DEFAULT NULL,
  `comment` varchar(255) DEFAULT NULL
) ENGINE=InnoDB  DEFAULT CHARSET=utf8 AUTO_INCREMENT=15 ;

--
-- Dumping data untuk tabel `tec_sale_items`
--

INSERT INTO `tec_sale_items` (`id`, `sale_id`, `product_id`, `quantity`, `unit_price`, `net_unit_price`, `discount`, `item_discount`, `tax`, `item_tax`, `subtotal`, `real_unit_price`, `cost`, `product_code`, `product_name`, `comment`) VALUES
(1, 1, 4, '1.00', '15000.00', '15000.00', '0', '0.00', 0, '0.00', '15000.00', '15000.00', '10000.00', '123', 'sariroti', ''),
(2, 2, 2, '1.00', '100000.00', '100000.00', '0', '0.00', 0, '0.00', '100000.00', '100000.00', '90000.00', 'dgg123', 'daging sapi', ''),
(3, 2, 4, '1.00', '15000.00', '15000.00', '0', '0.00', 0, '0.00', '15000.00', '15000.00', '10000.00', '123', 'sariroti', ''),
(4, 3, 1, '1.00', '22100.00', '22100.00', '0', '0.00', 0, '0.00', '22100.00', '22100.00', '21100.00', 'tlr', 'telur', ''),
(5, 3, 2, '1.00', '100000.00', '100000.00', '0', '0.00', 0, '0.00', '100000.00', '100000.00', '90000.00', 'dgg123', 'daging sapi', ''),
(6, 3, 3, '1.00', '20000.00', '20000.00', '0', '0.00', 0, '0.00', '20000.00', '20000.00', '15000.00', 'trg123', 'terigu', ''),
(7, 3, 4, '1.00', '15000.00', '15000.00', '0', '0.00', 0, '0.00', '15000.00', '15000.00', '10000.00', '123', 'sariroti', ''),
(8, 4, 2, '1.00', '100000.00', '100000.00', '0', '0.00', 0, '0.00', '100000.00', '100000.00', '90000.00', 'dgg123', 'daging sapi', ''),
(9, 4, 4, '1.00', '15000.00', '15000.00', '0', '0.00', 0, '0.00', '15000.00', '15000.00', '10000.00', '123', 'sariroti', ''),
(10, 5, 1, '2.00', '22100.00', '22100.00', '0', '0.00', 0, '0.00', '44200.00', '22100.00', '21100.00', 'tlr', 'telur', ''),
(11, 6, 1, '1.00', '22100.00', '22100.00', '0', '0.00', 0, '0.00', '22100.00', '22100.00', '21100.00', 'tlr', 'telur', ''),
(12, 6, 3, '1.00', '20000.00', '20000.00', '0', '0.00', 0, '0.00', '20000.00', '20000.00', '15000.00', 'trg123', 'terigu', ''),
(13, 7, 1, '1.00', '22100.00', '22100.00', '0', '0.00', 0, '0.00', '22100.00', '22100.00', '21100.00', 'tlr', 'telur', ''),
(14, 7, 4, '1.00', '15000.00', '15000.00', '0', '0.00', 0, '0.00', '15000.00', '15000.00', '10000.00', '123', 'sariroti', '');

-- --------------------------------------------------------

--
-- Struktur dari tabel `tec_sessions`
--

CREATE TABLE IF NOT EXISTS `tec_sessions` (
  `id` varchar(40) NOT NULL,
  `ip_address` varchar(45) NOT NULL,
  `timestamp` int(10) unsigned NOT NULL DEFAULT '0',
  `data` blob NOT NULL
) ENGINE=InnoDB DEFAULT CHARSET=utf8;

--
-- Dumping data untuk tabel `tec_sessions`
--

INSERT INTO `tec_sessions` (`id`, `ip_address`, `timestamp`, `data`) VALUES
('0212iecslct8v8nipd8q6bcvvlg9hngt', '::1', 1566373494, 0x5f5f63695f6c6173745f726567656e65726174657c693a313536363337333230383b6964656e746974797c733a353a2261646d696e223b757365726e616d657c733a353a2261646d696e223b656d61696c7c733a31393a2269616d32353037393140676d61696c2e636f6d223b757365725f69647c733a313a2239223b66697273745f6e616d657c733a353a2261646d696e223b6c6173745f6e616d657c733a353a2261646d696e223b637265617465645f6f6e7c733a32343a225468752032362041707220323031382030363a353220504d223b6f6c645f6c6173745f6c6f67696e7c733a31303a2231353636323731383935223b6c6173745f69707c733a333a223a3a31223b6176617461727c4e3b67656e6465727c733a343a226d616c65223b67726f75705f69647c733a313a2231223b73746f72655f69647c733a313a2231223b6861735f73746f72655f69647c733a313a2231223b72656769737465725f69647c733a323a223133223b636173685f696e5f68616e647c733a31313a2231303030303030302e3030223b72656769737465725f6f70656e5f74696d657c733a31393a22323031382d30342d32362031393a30303a3237223b),
('0l48p7rc9rsoap5t4joi8s15j9nq8muo', '::1', 1566373097, 0x5f5f63695f6c6173745f726567656e65726174657c693a313536363337323832373b6964656e746974797c733a353a2261646d696e223b757365726e616d657c733a353a2261646d696e223b656d61696c7c733a31393a2269616d32353037393140676d61696c2e636f6d223b757365725f69647c733a313a2239223b66697273745f6e616d657c733a353a2261646d696e223b6c6173745f6e616d657c733a353a2261646d696e223b637265617465645f6f6e7c733a32343a225468752032362041707220323031382030363a353220504d223b6f6c645f6c6173745f6c6f67696e7c733a31303a2231353636323731383935223b6c6173745f69707c733a333a223a3a31223b6176617461727c4e3b67656e6465727c733a343a226d616c65223b67726f75705f69647c733a313a2231223b73746f72655f69647c733a313a2231223b6861735f73746f72655f69647c733a313a2231223b72656769737465725f69647c733a323a223133223b636173685f696e5f68616e647c733a31313a2231303030303030302e3030223b72656769737465725f6f70656e5f74696d657c733a31393a22323031382d30342d32362031393a30303a3237223b),
('34hb0coveeuq6hbunhidnnki5enhrhvv', '::1', 1566375549, 0x5f5f63695f6c6173745f726567656e65726174657c693a313536363337353237393b6964656e746974797c733a353a2261646d696e223b757365726e616d657c733a353a2261646d696e223b656d61696c7c733a31393a2269616d32353037393140676d61696c2e636f6d223b757365725f69647c733a313a2239223b66697273745f6e616d657c733a353a2261646d696e223b6c6173745f6e616d657c733a353a2261646d696e223b637265617465645f6f6e7c733a32343a225468752032362041707220323031382030363a353220504d223b6f6c645f6c6173745f6c6f67696e7c733a31303a2231353636323731383935223b6c6173745f69707c733a333a223a3a31223b6176617461727c4e3b67656e6465727c733a343a226d616c65223b67726f75705f69647c733a313a2231223b73746f72655f69647c733a313a2231223b6861735f73746f72655f69647c733a313a2231223b72656769737465725f69647c733a323a223133223b636173685f696e5f68616e647c733a31313a2231303030303030302e3030223b72656769737465725f6f70656e5f74696d657c733a31393a22323031382d30342d32362031393a30303a3237223b),
('3d2uvridjr0rlra5ghge1b522unfu7n2', '::1', 1566372671, 0x5f5f63695f6c6173745f726567656e65726174657c693a313536363337323339323b6964656e746974797c733a353a2261646d696e223b757365726e616d657c733a353a2261646d696e223b656d61696c7c733a31393a2269616d32353037393140676d61696c2e636f6d223b757365725f69647c733a313a2239223b66697273745f6e616d657c733a353a2261646d696e223b6c6173745f6e616d657c733a353a2261646d696e223b637265617465645f6f6e7c733a32343a225468752032362041707220323031382030363a353220504d223b6f6c645f6c6173745f6c6f67696e7c733a31303a2231353636323731383935223b6c6173745f69707c733a333a223a3a31223b6176617461727c4e3b67656e6465727c733a343a226d616c65223b67726f75705f69647c733a313a2231223b73746f72655f69647c733a313a2231223b6861735f73746f72655f69647c733a313a2231223b72656769737465725f69647c733a323a223133223b636173685f696e5f68616e647c733a31313a2231303030303030302e3030223b72656769737465725f6f70656e5f74696d657c733a31393a22323031382d30342d32362031393a30303a3237223b),
('6bsl012e8d5362p1a3015bnban479tan', '::1', 1566371291, 0x5f5f63695f6c6173745f726567656e65726174657c693a313536363337313031363b6964656e746974797c733a353a2261646d696e223b757365726e616d657c733a353a2261646d696e223b656d61696c7c733a31393a2269616d32353037393140676d61696c2e636f6d223b757365725f69647c733a313a2239223b66697273745f6e616d657c733a353a2261646d696e223b6c6173745f6e616d657c733a353a2261646d696e223b637265617465645f6f6e7c733a32343a225468752032362041707220323031382030363a353220504d223b6f6c645f6c6173745f6c6f67696e7c733a31303a2231353636323731383935223b6c6173745f69707c733a333a223a3a31223b6176617461727c4e3b67656e6465727c733a343a226d616c65223b67726f75705f69647c733a313a2231223b73746f72655f69647c733a313a2231223b6861735f73746f72655f69647c733a313a2231223b72656769737465725f69647c733a323a223133223b636173685f696e5f68616e647c733a31313a2231303030303030302e3030223b72656769737465725f6f70656e5f74696d657c733a31393a22323031382d30342d32362031393a30303a3237223b),
('6v2qj4gmcb8nruajoe898l0q0md1aqqv', '::1', 1566373556, 0x5f5f63695f6c6173745f726567656e65726174657c693a313536363337333535363b6964656e746974797c733a353a2261646d696e223b757365726e616d657c733a353a2261646d696e223b656d61696c7c733a31393a2269616d32353037393140676d61696c2e636f6d223b757365725f69647c733a313a2239223b66697273745f6e616d657c733a353a2261646d696e223b6c6173745f6e616d657c733a353a2261646d696e223b637265617465645f6f6e7c733a32343a225468752032362041707220323031382030363a353220504d223b6f6c645f6c6173745f6c6f67696e7c733a31303a2231353636323731383935223b6c6173745f69707c733a333a223a3a31223b6176617461727c4e3b67656e6465727c733a343a226d616c65223b67726f75705f69647c733a313a2231223b73746f72655f69647c733a313a2231223b6861735f73746f72655f69647c733a313a2231223b72656769737465725f69647c733a323a223133223b636173685f696e5f68616e647c733a31313a2231303030303030302e3030223b72656769737465725f6f70656e5f74696d657c733a31393a22323031382d30342d32362031393a30303a3237223b),
('795hph9j8n1ggf4lj2lvrl0jc4idm6se', '::1', 1566375852, 0x5f5f63695f6c6173745f726567656e65726174657c693a313536363337353630333b6964656e746974797c733a353a2261646d696e223b757365726e616d657c733a353a2261646d696e223b656d61696c7c733a31393a2269616d32353037393140676d61696c2e636f6d223b757365725f69647c733a313a2239223b66697273745f6e616d657c733a353a2261646d696e223b6c6173745f6e616d657c733a353a2261646d696e223b637265617465645f6f6e7c733a32343a225468752032362041707220323031382030363a353220504d223b6f6c645f6c6173745f6c6f67696e7c733a31303a2231353636323731383935223b6c6173745f69707c733a333a223a3a31223b6176617461727c4e3b67656e6465727c733a343a226d616c65223b67726f75705f69647c733a313a2231223b73746f72655f69647c733a313a2231223b6861735f73746f72655f69647c733a313a2231223b72656769737465725f69647c733a323a223133223b636173685f696e5f68616e647c733a31313a2231303030303030302e3030223b72656769737465725f6f70656e5f74696d657c733a31393a22323031382d30342d32362031393a30303a3237223b),
('aqet4v3vn3i3smoaa2artlbqh7jl7aqd', '::1', 1566370645, 0x5f5f63695f6c6173745f726567656e65726174657c693a313536363337303337373b6964656e746974797c733a353a2261646d696e223b757365726e616d657c733a353a2261646d696e223b656d61696c7c733a31393a2269616d32353037393140676d61696c2e636f6d223b757365725f69647c733a313a2239223b66697273745f6e616d657c733a353a2261646d696e223b6c6173745f6e616d657c733a353a2261646d696e223b637265617465645f6f6e7c733a32343a225468752032362041707220323031382030363a353220504d223b6f6c645f6c6173745f6c6f67696e7c733a31303a2231353636323731383935223b6c6173745f69707c733a333a223a3a31223b6176617461727c4e3b67656e6465727c733a343a226d616c65223b67726f75705f69647c733a313a2231223b73746f72655f69647c733a313a2231223b6861735f73746f72655f69647c733a313a2231223b72656769737465725f69647c733a323a223133223b636173685f696e5f68616e647c733a31313a2231303030303030302e3030223b72656769737465725f6f70656e5f74696d657c733a31393a22323031382d30342d32362031393a30303a3237223b),
('b1ulq6gvc2k3hj695jaaau27nmebk6he', '::1', 1566371332, 0x5f5f63695f6c6173745f726567656e65726174657c693a313536363337313332393b6964656e746974797c733a353a2261646d696e223b757365726e616d657c733a353a2261646d696e223b656d61696c7c733a31393a2269616d32353037393140676d61696c2e636f6d223b757365725f69647c733a313a2239223b66697273745f6e616d657c733a353a2261646d696e223b6c6173745f6e616d657c733a353a2261646d696e223b637265617465645f6f6e7c733a32343a225468752032362041707220323031382030363a353220504d223b6f6c645f6c6173745f6c6f67696e7c733a31303a2231353636323731383935223b6c6173745f69707c733a333a223a3a31223b6176617461727c4e3b67656e6465727c733a343a226d616c65223b67726f75705f69647c733a313a2231223b73746f72655f69647c733a313a2231223b6861735f73746f72655f69647c733a313a2231223b72656769737465725f69647c733a323a223133223b636173685f696e5f68616e647c733a31313a2231303030303030302e3030223b72656769737465725f6f70656e5f74696d657c733a31393a22323031382d30342d32362031393a30303a3237223b),
('d43apnotpulpar22an1ppl816f40mvo4', '::1', 1566374855, 0x5f5f63695f6c6173745f726567656e65726174657c693a313536363337343537303b6964656e746974797c733a353a2261646d696e223b757365726e616d657c733a353a2261646d696e223b656d61696c7c733a31393a2269616d32353037393140676d61696c2e636f6d223b757365725f69647c733a313a2239223b66697273745f6e616d657c733a353a2261646d696e223b6c6173745f6e616d657c733a353a2261646d696e223b637265617465645f6f6e7c733a32343a225468752032362041707220323031382030363a353220504d223b6f6c645f6c6173745f6c6f67696e7c733a31303a2231353636323731383935223b6c6173745f69707c733a333a223a3a31223b6176617461727c4e3b67656e6465727c733a343a226d616c65223b67726f75705f69647c733a313a2231223b73746f72655f69647c733a313a2231223b6861735f73746f72655f69647c733a313a2231223b72656769737465725f69647c733a323a223133223b636173685f696e5f68616e647c733a31313a2231303030303030302e3030223b72656769737465725f6f70656e5f74696d657c733a31393a22323031382d30342d32362031393a30303a3237223b),
('es902s8d4kcojqs841a2seursft15lb5', '::1', 1566374015, 0x5f5f63695f6c6173745f726567656e65726174657c693a313536363337333839363b6964656e746974797c733a353a2261646d696e223b757365726e616d657c733a353a2261646d696e223b656d61696c7c733a31393a2269616d32353037393140676d61696c2e636f6d223b757365725f69647c733a313a2239223b66697273745f6e616d657c733a353a2261646d696e223b6c6173745f6e616d657c733a353a2261646d696e223b637265617465645f6f6e7c733a32343a225468752032362041707220323031382030363a353220504d223b6f6c645f6c6173745f6c6f67696e7c733a31303a2231353636323731383935223b6c6173745f69707c733a333a223a3a31223b6176617461727c4e3b67656e6465727c733a343a226d616c65223b67726f75705f69647c733a313a2231223b73746f72655f69647c733a313a2231223b6861735f73746f72655f69647c733a313a2231223b72656769737465725f69647c733a323a223133223b636173685f696e5f68616e647c733a31313a2231303030303030302e3030223b72656769737465725f6f70656e5f74696d657c733a31393a22323031382d30342d32362031393a30303a3237223b),
('fd0mjlj0umb9r8ahphm1dgvjtm5re9sf', '::1', 1566375050, 0x5f5f63695f6c6173745f726567656e65726174657c693a313536363337343839323b6964656e746974797c733a353a2261646d696e223b757365726e616d657c733a353a2261646d696e223b656d61696c7c733a31393a2269616d32353037393140676d61696c2e636f6d223b757365725f69647c733a313a2239223b66697273745f6e616d657c733a353a2261646d696e223b6c6173745f6e616d657c733a353a2261646d696e223b637265617465645f6f6e7c733a32343a225468752032362041707220323031382030363a353220504d223b6f6c645f6c6173745f6c6f67696e7c733a31303a2231353636323731383935223b6c6173745f69707c733a333a223a3a31223b6176617461727c4e3b67656e6465727c733a343a226d616c65223b67726f75705f69647c733a313a2231223b73746f72655f69647c733a313a2231223b6861735f73746f72655f69647c733a313a2231223b72656769737465725f69647c733a323a223133223b636173685f696e5f68616e647c733a31313a2231303030303030302e3030223b72656769737465725f6f70656e5f74696d657c733a31393a22323031382d30342d32362031393a30303a3237223b),
('ifsfp9p3vh26rv678gpoe6n7kq62c5sb', '::1', 1566376831, 0x5f5f63695f6c6173745f726567656e65726174657c693a313536363337363738353b6964656e746974797c733a353a2261646d696e223b757365726e616d657c733a353a2261646d696e223b656d61696c7c733a31393a2269616d32353037393140676d61696c2e636f6d223b757365725f69647c733a313a2239223b66697273745f6e616d657c733a353a2261646d696e223b6c6173745f6e616d657c733a353a2261646d696e223b637265617465645f6f6e7c733a32343a225468752032362041707220323031382030363a353220504d223b6f6c645f6c6173745f6c6f67696e7c733a31303a2231353636323731383935223b6c6173745f69707c733a333a223a3a31223b6176617461727c4e3b67656e6465727c733a343a226d616c65223b67726f75705f69647c733a313a2231223b73746f72655f69647c733a313a2231223b6861735f73746f72655f69647c733a313a2231223b72656769737465725f69647c733a323a223133223b636173685f696e5f68616e647c733a31313a2231303030303030302e3030223b72656769737465725f6f70656e5f74696d657c733a31393a22323031382d30342d32362031393a30303a3237223b),
('iqehnrdhm8thvutp19its8dlitncdho6', '::1', 1566370979, 0x5f5f63695f6c6173745f726567656e65726174657c693a313536363337303730363b6964656e746974797c733a353a2261646d696e223b757365726e616d657c733a353a2261646d696e223b656d61696c7c733a31393a2269616d32353037393140676d61696c2e636f6d223b757365725f69647c733a313a2239223b66697273745f6e616d657c733a353a2261646d696e223b6c6173745f6e616d657c733a353a2261646d696e223b637265617465645f6f6e7c733a32343a225468752032362041707220323031382030363a353220504d223b6f6c645f6c6173745f6c6f67696e7c733a31303a2231353636323731383935223b6c6173745f69707c733a333a223a3a31223b6176617461727c4e3b67656e6465727c733a343a226d616c65223b67726f75705f69647c733a313a2231223b73746f72655f69647c733a313a2231223b6861735f73746f72655f69647c733a313a2231223b72656769737465725f69647c733a323a223133223b636173685f696e5f68616e647c733a31313a2231303030303030302e3030223b72656769737465725f6f70656e5f74696d657c733a31393a22323031382d30342d32362031393a30303a3237223b),
('n07pbu59cmqlaiqmcr4pchd4ecttitaq', '::1', 1566376744, 0x5f5f63695f6c6173745f726567656e65726174657c693a313536363337363437363b6964656e746974797c733a353a2261646d696e223b757365726e616d657c733a353a2261646d696e223b656d61696c7c733a31393a2269616d32353037393140676d61696c2e636f6d223b757365725f69647c733a313a2239223b66697273745f6e616d657c733a353a2261646d696e223b6c6173745f6e616d657c733a353a2261646d696e223b637265617465645f6f6e7c733a32343a225468752032362041707220323031382030363a353220504d223b6f6c645f6c6173745f6c6f67696e7c733a31303a2231353636323731383935223b6c6173745f69707c733a333a223a3a31223b6176617461727c4e3b67656e6465727c733a343a226d616c65223b67726f75705f69647c733a313a2231223b73746f72655f69647c733a313a2231223b6861735f73746f72655f69647c733a313a2231223b72656769737465725f69647c733a323a223133223b636173685f696e5f68616e647c733a31313a2231303030303030302e3030223b72656769737465725f6f70656e5f74696d657c733a31393a22323031382d30342d32362031393a30303a3237223b),
('q7k5pnfac3kut8regatjnfnmn2717r8e', '::1', 1566374523, 0x5f5f63695f6c6173745f726567656e65726174657c693a313536363337343234353b6964656e746974797c733a353a2261646d696e223b757365726e616d657c733a353a2261646d696e223b656d61696c7c733a31393a2269616d32353037393140676d61696c2e636f6d223b757365725f69647c733a313a2239223b66697273745f6e616d657c733a353a2261646d696e223b6c6173745f6e616d657c733a353a2261646d696e223b637265617465645f6f6e7c733a32343a225468752032362041707220323031382030363a353220504d223b6f6c645f6c6173745f6c6f67696e7c733a31303a2231353636323731383935223b6c6173745f69707c733a333a223a3a31223b6176617461727c4e3b67656e6465727c733a343a226d616c65223b67726f75705f69647c733a313a2231223b73746f72655f69647c733a313a2231223b6861735f73746f72655f69647c733a313a2231223b72656769737465725f69647c733a323a223133223b636173685f696e5f68616e647c733a31313a2231303030303030302e3030223b72656769737465725f6f70656e5f74696d657c733a31393a22323031382d30342d32362031393a30303a3237223b),
('qk1k6mv9u3b48fvgvauepu7hpfa07va3', '::1', 1566376309, 0x5f5f63695f6c6173745f726567656e65726174657c693a313536363337363134373b6964656e746974797c733a353a2261646d696e223b757365726e616d657c733a353a2261646d696e223b656d61696c7c733a31393a2269616d32353037393140676d61696c2e636f6d223b757365725f69647c733a313a2239223b66697273745f6e616d657c733a353a2261646d696e223b6c6173745f6e616d657c733a353a2261646d696e223b637265617465645f6f6e7c733a32343a225468752032362041707220323031382030363a353220504d223b6f6c645f6c6173745f6c6f67696e7c733a31303a2231353636323731383935223b6c6173745f69707c733a333a223a3a31223b6176617461727c4e3b67656e6465727c733a343a226d616c65223b67726f75705f69647c733a313a2231223b73746f72655f69647c733a313a2231223b6861735f73746f72655f69647c733a313a2231223b72656769737465725f69647c733a323a223133223b636173685f696e5f68616e647c733a31313a2231303030303030302e3030223b72656769737465725f6f70656e5f74696d657c733a31393a22323031382d30342d32362031393a30303a3237223b),
('vm58ls2i281qk2u5f6t5p30pkenpcibh', '::1', 1566371936, 0x5f5f63695f6c6173745f726567656e65726174657c693a313536363337313635333b6964656e746974797c733a353a2261646d696e223b757365726e616d657c733a353a2261646d696e223b656d61696c7c733a31393a2269616d32353037393140676d61696c2e636f6d223b757365725f69647c733a313a2239223b66697273745f6e616d657c733a353a2261646d696e223b6c6173745f6e616d657c733a353a2261646d696e223b637265617465645f6f6e7c733a32343a225468752032362041707220323031382030363a353220504d223b6f6c645f6c6173745f6c6f67696e7c733a31303a2231353636323731383935223b6c6173745f69707c733a333a223a3a31223b6176617461727c4e3b67656e6465727c733a343a226d616c65223b67726f75705f69647c733a313a2231223b73746f72655f69647c733a313a2231223b6861735f73746f72655f69647c733a313a2231223b72656769737465725f69647c733a323a223133223b636173685f696e5f68616e647c733a31313a2231303030303030302e3030223b72656769737465725f6f70656e5f74696d657c733a31393a22323031382d30342d32362031393a30303a3237223b);

-- --------------------------------------------------------

--
-- Struktur dari tabel `tec_settings`
--

CREATE TABLE IF NOT EXISTS `tec_settings` (
  `setting_id` int(1) NOT NULL,
  `logo` varchar(255) NOT NULL,
  `site_name` varchar(55) NOT NULL,
  `tel` varchar(20) NOT NULL,
  `dateformat` varchar(20) DEFAULT NULL,
  `timeformat` varchar(20) DEFAULT NULL,
  `default_email` varchar(100) NOT NULL,
  `language` varchar(20) NOT NULL,
  `version` varchar(5) NOT NULL DEFAULT '1.0',
  `theme` varchar(20) NOT NULL,
  `timezone` varchar(255) NOT NULL DEFAULT '0',
  `protocol` varchar(20) NOT NULL DEFAULT 'mail',
  `smtp_host` varchar(255) DEFAULT NULL,
  `smtp_user` varchar(100) DEFAULT NULL,
  `smtp_pass` varchar(255) DEFAULT NULL,
  `smtp_port` varchar(10) DEFAULT '25',
  `smtp_crypto` varchar(5) DEFAULT NULL,
  `mmode` tinyint(1) NOT NULL,
  `captcha` tinyint(1) NOT NULL DEFAULT '1',
  `mailpath` varchar(55) DEFAULT NULL,
  `currency_prefix` varchar(3) NOT NULL,
  `default_customer` int(11) NOT NULL,
  `default_tax_rate` varchar(20) NOT NULL,
  `rows_per_page` int(2) NOT NULL,
  `total_rows` int(2) NOT NULL,
  `header` varchar(1000) NOT NULL,
  `footer` varchar(1000) NOT NULL,
  `bsty` tinyint(4) NOT NULL,
  `display_kb` tinyint(4) NOT NULL,
  `default_category` int(11) NOT NULL,
  `default_discount` varchar(20) NOT NULL,
  `item_addition` tinyint(1) NOT NULL,
  `barcode_symbology` varchar(55) NOT NULL,
  `pro_limit` tinyint(4) NOT NULL,
  `decimals` tinyint(1) NOT NULL DEFAULT '2',
  `thousands_sep` varchar(2) NOT NULL DEFAULT ',',
  `decimals_sep` varchar(2) NOT NULL DEFAULT '.',
  `focus_add_item` varchar(55) DEFAULT NULL,
  `add_customer` varchar(55) DEFAULT NULL,
  `toggle_category_slider` varchar(55) DEFAULT NULL,
  `cancel_sale` varchar(55) DEFAULT NULL,
  `suspend_sale` varchar(55) DEFAULT NULL,
  `print_order` varchar(55) DEFAULT NULL,
  `print_bill` varchar(55) DEFAULT NULL,
  `finalize_sale` varchar(55) DEFAULT NULL,
  `today_sale` varchar(55) DEFAULT NULL,
  `open_hold_bills` varchar(55) DEFAULT NULL,
  `close_register` varchar(55) DEFAULT NULL,
  `java_applet` tinyint(1) NOT NULL,
  `receipt_printer` varchar(55) DEFAULT NULL,
  `pos_printers` varchar(255) DEFAULT NULL,
  `cash_drawer_codes` varchar(55) DEFAULT NULL,
  `char_per_line` tinyint(4) DEFAULT '42',
  `rounding` tinyint(1) DEFAULT '0',
  `pin_code` varchar(20) DEFAULT NULL,
  `stripe` tinyint(1) DEFAULT NULL,
  `stripe_secret_key` varchar(100) DEFAULT NULL,
  `stripe_publishable_key` varchar(100) DEFAULT NULL,
  `purchase_code` varchar(100) DEFAULT NULL,
  `envato_username` varchar(50) DEFAULT NULL,
  `theme_style` varchar(25) DEFAULT 'green',
  `after_sale_page` tinyint(1) DEFAULT NULL,
  `overselling` tinyint(1) DEFAULT '1',
  `multi_store` tinyint(1) DEFAULT NULL,
  `qty_decimals` tinyint(1) DEFAULT '2',
  `symbol` varchar(55) DEFAULT NULL,
  `sac` tinyint(1) DEFAULT '0',
  `display_symbol` tinyint(1) DEFAULT NULL,
  `remote_printing` tinyint(1) DEFAULT '1',
  `printer` int(11) DEFAULT NULL,
  `order_printers` varchar(55) DEFAULT NULL,
  `auto_print` tinyint(1) DEFAULT '0',
  `local_printers` tinyint(1) DEFAULT NULL
) ENGINE=InnoDB DEFAULT CHARSET=utf8;

--
-- Dumping data untuk tabel `tec_settings`
--

INSERT INTO `tec_settings` (`setting_id`, `logo`, `site_name`, `tel`, `dateformat`, `timeformat`, `default_email`, `language`, `version`, `theme`, `timezone`, `protocol`, `smtp_host`, `smtp_user`, `smtp_pass`, `smtp_port`, `smtp_crypto`, `mmode`, `captcha`, `mailpath`, `currency_prefix`, `default_customer`, `default_tax_rate`, `rows_per_page`, `total_rows`, `header`, `footer`, `bsty`, `display_kb`, `default_category`, `default_discount`, `item_addition`, `barcode_symbology`, `pro_limit`, `decimals`, `thousands_sep`, `decimals_sep`, `focus_add_item`, `add_customer`, `toggle_category_slider`, `cancel_sale`, `suspend_sale`, `print_order`, `print_bill`, `finalize_sale`, `today_sale`, `open_hold_bills`, `close_register`, `java_applet`, `receipt_printer`, `pos_printers`, `cash_drawer_codes`, `char_per_line`, `rounding`, `pin_code`, `stripe`, `stripe_secret_key`, `stripe_publishable_key`, `purchase_code`, `envato_username`, `theme_style`, `after_sale_page`, `overselling`, `multi_store`, `qty_decimals`, `symbol`, `sac`, `display_symbol`, `remote_printing`, `printer`, `order_printers`, `auto_print`, `local_printers`) VALUES
(1, 'labella_22.png', 'OnPoint', '08123456789', 'D j M Y', 'h:i A', 'admin@indokasir.com', 'english', '4.0.9', 'default', 'Asia/Kuala_Lumpur', 'mail', 'pop.gmail.com', 'noreply@spos.tecdiary.my', '', '25', '', 0, 0, NULL, 'IDR', 1, '0%', 25, 30, '', '', 3, 0, 0, '0', 1, '', 10, 2, '.', ',', 'ALT+F1', 'ALT+F2', 'ALT+F10', 'ALT+F5', 'ALT+F6', 'ALT+F11', 'ALT+F12', 'ALT+F8', 'Ctrl+F1', 'Ctrl+F2', 'ALT+F7', 0, '', '', '', 42, 1, '1234', 1, 'sk_test_jHf4cEzAYtgcXvgWPCsQAn50', 'pk_test_beat8SWPORb0OVdF2H77A7uG', 'cb036771-3c08-4c1c-a028-78355d9abd6f', 'sumintar', 'green', 0, 1, 1, 2, 'Rp.', 0, 1, 1, NULL, 'null', 0, 1);

-- --------------------------------------------------------

--
-- Struktur dari tabel `tec_stores`
--

CREATE TABLE IF NOT EXISTS `tec_stores` (
`id` int(11) NOT NULL,
  `name` varchar(50) NOT NULL,
  `code` varchar(20) NOT NULL,
  `logo` varchar(40) DEFAULT NULL,
  `email` varchar(100) DEFAULT NULL,
  `phone` varchar(15) NOT NULL,
  `address1` varchar(50) DEFAULT NULL,
  `address2` varchar(50) DEFAULT NULL,
  `city` varchar(20) DEFAULT NULL,
  `state` varchar(20) DEFAULT NULL,
  `postal_code` varchar(8) DEFAULT NULL,
  `country` varchar(25) DEFAULT NULL,
  `currency_code` varchar(3) NOT NULL,
  `receipt_header` text,
  `receipt_footer` text
) ENGINE=InnoDB  DEFAULT CHARSET=utf8 AUTO_INCREMENT=2 ;

--
-- Dumping data untuk tabel `tec_stores`
--

INSERT INTO `tec_stores` (`id`, `name`, `code`, `logo`, `email`, `phone`, `address1`, `address2`, `city`, `state`, `postal_code`, `country`, `currency_code`, `receipt_header`, `receipt_footer`) VALUES
(1, 'PT. NAMA BISNISKU', 'BIS', 'f233a43217d25622a1ac1eaee0dcf637.png', 'admin@bisnis.com', '0123456789', 'Alamat Bisnis', '', 'Kota Bisnis', 'YOG', '', 'indonesia', 'MYR', 'Terimakasi Atas Kepercayaan Anda', 'Barang yang telah di beli tidak dapat di tukar/ di kembalikan\r\n\r\nTERIMAKASIH');

-- --------------------------------------------------------

--
-- Struktur dari tabel `tec_suppliers`
--

CREATE TABLE IF NOT EXISTS `tec_suppliers` (
`id` int(11) NOT NULL,
  `name` varchar(55) NOT NULL,
  `cf1` varchar(255) NOT NULL,
  `cf2` varchar(255) NOT NULL,
  `phone` varchar(20) NOT NULL,
  `email` varchar(100) NOT NULL
) ENGINE=InnoDB DEFAULT CHARSET=utf8 AUTO_INCREMENT=1 ;

-- --------------------------------------------------------

--
-- Struktur dari tabel `tec_suspended_items`
--

CREATE TABLE IF NOT EXISTS `tec_suspended_items` (
`id` int(11) NOT NULL,
  `suspend_id` int(11) NOT NULL,
  `product_id` int(11) NOT NULL,
  `quantity` decimal(15,2) NOT NULL,
  `unit_price` decimal(25,2) NOT NULL,
  `net_unit_price` decimal(25,2) NOT NULL,
  `discount` varchar(20) DEFAULT NULL,
  `item_discount` decimal(25,2) DEFAULT NULL,
  `tax` int(20) DEFAULT NULL,
  `item_tax` decimal(25,2) DEFAULT NULL,
  `subtotal` decimal(25,2) NOT NULL,
  `real_unit_price` decimal(25,2) DEFAULT NULL,
  `product_code` varchar(50) DEFAULT NULL,
  `product_name` varchar(50) DEFAULT NULL,
  `comment` varchar(255) DEFAULT NULL
) ENGINE=InnoDB  DEFAULT CHARSET=utf8 AUTO_INCREMENT=4 ;

--
-- Dumping data untuk tabel `tec_suspended_items`
--

INSERT INTO `tec_suspended_items` (`id`, `suspend_id`, `product_id`, `quantity`, `unit_price`, `net_unit_price`, `discount`, `item_discount`, `tax`, `item_tax`, `subtotal`, `real_unit_price`, `product_code`, `product_name`, `comment`) VALUES
(3, 2, 4, '10.00', '22100.00', '22100.00', '0', '0.00', 0, '0.00', '221000.00', '22100.00', 'TLR', 'Telur', '');

-- --------------------------------------------------------

--
-- Struktur dari tabel `tec_suspended_sales`
--

CREATE TABLE IF NOT EXISTS `tec_suspended_sales` (
`id` int(11) NOT NULL,
  `date` datetime NOT NULL,
  `customer_id` int(11) NOT NULL,
  `customer_name` varchar(55) NOT NULL,
  `total` decimal(25,2) NOT NULL,
  `product_discount` decimal(25,2) DEFAULT NULL,
  `order_discount_id` varchar(20) DEFAULT NULL,
  `order_discount` decimal(25,2) DEFAULT NULL,
  `total_discount` decimal(25,2) DEFAULT NULL,
  `product_tax` decimal(25,2) DEFAULT NULL,
  `order_tax_id` varchar(20) DEFAULT NULL,
  `order_tax` decimal(25,2) DEFAULT NULL,
  `total_tax` decimal(25,2) DEFAULT NULL,
  `grand_total` decimal(25,2) NOT NULL,
  `total_items` int(11) DEFAULT NULL,
  `total_quantity` decimal(15,2) DEFAULT NULL,
  `paid` decimal(25,2) DEFAULT NULL,
  `created_by` int(11) DEFAULT NULL,
  `updated_by` int(11) DEFAULT NULL,
  `updated_at` datetime DEFAULT NULL,
  `note` varchar(1000) DEFAULT NULL,
  `hold_ref` varchar(255) DEFAULT NULL,
  `store_id` int(11) NOT NULL DEFAULT '1'
) ENGINE=InnoDB  DEFAULT CHARSET=utf8 AUTO_INCREMENT=3 ;

--
-- Dumping data untuk tabel `tec_suspended_sales`
--

INSERT INTO `tec_suspended_sales` (`id`, `date`, `customer_id`, `customer_name`, `total`, `product_discount`, `order_discount_id`, `order_discount`, `total_discount`, `product_tax`, `order_tax_id`, `order_tax`, `total_tax`, `grand_total`, `total_items`, `total_quantity`, `paid`, `created_by`, `updated_by`, `updated_at`, `note`, `hold_ref`, `store_id`) VALUES
(2, '2019-07-12 15:28:36', 1, 'Walk-in Client', '221000.00', '0.00', NULL, '0.00', '0.00', '0.00', '0%', '0.00', '0.00', '221000.00', 1, '10.00', '0.00', 7, NULL, NULL, '', 'A', 1);

-- --------------------------------------------------------

--
-- Struktur dari tabel `tec_tables`
--

CREATE TABLE IF NOT EXISTS `tec_tables` (
`id` int(11) NOT NULL,
  `number` varchar(15) CHARACTER SET utf8 NOT NULL,
  `name` varchar(15) CHARACTER SET utf8 NOT NULL
) ENGINE=InnoDB  DEFAULT CHARSET=latin1 AUTO_INCREMENT=4 ;

--
-- Dumping data untuk tabel `tec_tables`
--

INSERT INTO `tec_tables` (`id`, `number`, `name`) VALUES
(1, '1', 'D-1'),
(2, '2', 'D-2'),
(3, '3', 'D-3');

-- --------------------------------------------------------

--
-- Struktur dari tabel `tec_users`
--

CREATE TABLE IF NOT EXISTS `tec_users` (
`id` int(11) unsigned NOT NULL,
  `last_ip_address` varbinary(45) DEFAULT NULL,
  `ip_address` varbinary(45) DEFAULT NULL,
  `username` varchar(100) NOT NULL,
  `password` varchar(40) NOT NULL,
  `salt` varchar(40) DEFAULT NULL,
  `email` varchar(100) NOT NULL,
  `activation_code` varchar(40) DEFAULT NULL,
  `forgotten_password_code` varchar(40) DEFAULT NULL,
  `forgotten_password_time` int(11) unsigned DEFAULT NULL,
  `remember_code` varchar(40) DEFAULT NULL,
  `created_on` int(11) unsigned NOT NULL,
  `last_login` int(11) unsigned DEFAULT NULL,
  `active` tinyint(1) unsigned DEFAULT NULL,
  `first_name` varchar(50) DEFAULT NULL,
  `last_name` varchar(50) DEFAULT NULL,
  `company` varchar(100) DEFAULT NULL,
  `phone` varchar(20) DEFAULT NULL,
  `avatar` varchar(55) DEFAULT NULL,
  `gender` varchar(20) DEFAULT NULL,
  `group_id` int(11) unsigned NOT NULL DEFAULT '2',
  `store_id` int(11) DEFAULT NULL
) ENGINE=InnoDB  DEFAULT CHARSET=utf8 AUTO_INCREMENT=14 ;

--
-- Dumping data untuk tabel `tec_users`
--

INSERT INTO `tec_users` (`id`, `last_ip_address`, `ip_address`, `username`, `password`, `salt`, `email`, `activation_code`, `forgotten_password_code`, `forgotten_password_time`, `remember_code`, `created_on`, `last_login`, `active`, `first_name`, `last_name`, `company`, `phone`, `avatar`, `gender`, `group_id`, `store_id`) VALUES
(7, 0x3a3a31, 0x3a3a31, 'bellasanhaj', '3b662f258e9db522e3d37b25c38ed20dfc63c841', NULL, 'bellasanhaj@labella.com', NULL, NULL, NULL, 'f2a3bee6c9091172756a7d590676c6194f98cb77', 1515252940, 1562916315, 1, 'Bella', 'Sanhaj', NULL, '085338169192', NULL, 'female', 1, 1),
(8, 0x3a3a31, 0x3a3a31, 'ilham', '60dd1e135afd86354016c41f517098b4e4b4a992', NULL, 'iam@dot.com', NULL, NULL, NULL, 'de4d38ccc8cbd82da6f88ce25f99f9e6e5bee8b4', 1518095468, 1528602706, 1, 'ilham', 'muhammad', NULL, '0896', NULL, 'male', 1, 1),
(9, 0x3a3a31, 0x3a3a31, 'admin', 'c4cdc1755214ef3921d99ef61ba00fe0ffdff360', NULL, 'iam250791@gmail.com', NULL, NULL, NULL, '23ec6cb5c008dc83c9f64ef0bf16455409196754', 1524743534, 1566354349, 1, 'admin', 'admin', NULL, '08888', NULL, 'male', 1, 1),
(10, NULL, 0x3a3a31, 'kasir', '9d016de34d977957b97f5c5ebbaf0756d01a8f26', NULL, 'ilham@gmail.com', NULL, NULL, NULL, NULL, 1527953311, 1527953311, 1, 'kasir', 'kasir', NULL, '4$$', NULL, 'male', 2, 1),
(12, 0x3a3a31, 0x3a3a31, 'danang', '34115d14e61a873432ee02ff41e6915825f5072c', NULL, 'danang@haibisnis.com', NULL, NULL, NULL, 'e715a6fd0601e0ceacf6fe9a5823240d89523ba9', 1563346725, 1563346739, 1, 'Danang', 'Rahmanda', NULL, '0812', NULL, 'male', 6, 1),
(13, 0x3a3a31, 0x3a3a31, 'admin2', '69d07e15d3661c526db242a9f3dfd05a3ba2588b', NULL, 'email.email@email.com', NULL, NULL, NULL, '88bcae4379d7900ca1b3c3d1b21e267c36d6d863', 1565849743, 1566198205, 1, 'admin2', 'admin2', NULL, '12345', NULL, 'male', 3, 1);

-- --------------------------------------------------------

--
-- Struktur dari tabel `tec_user_logins`
--

CREATE TABLE IF NOT EXISTS `tec_user_logins` (
`id` int(11) NOT NULL,
  `user_id` int(11) NOT NULL,
  `company_id` int(11) DEFAULT NULL,
  `ip_address` varbinary(16) NOT NULL,
  `login` varchar(100) NOT NULL,
  `time` timestamp NULL DEFAULT CURRENT_TIMESTAMP
) ENGINE=InnoDB  DEFAULT CHARSET=utf8 AUTO_INCREMENT=116 ;

--
-- Dumping data untuk tabel `tec_user_logins`
--

INSERT INTO `tec_user_logins` (`id`, `user_id`, `company_id`, `ip_address`, `login`, `time`) VALUES
(31, 7, NULL, 0x3a3a31, 'bellasanhaj', '2018-01-06 16:34:50'),
(32, 7, NULL, 0x3a3a31, 'bellasanhaj', '2018-01-06 16:39:13'),
(33, 7, NULL, 0x3a3a31, 'bellasanhaj', '2018-02-08 12:15:46'),
(34, 7, NULL, 0x3a3a31, 'bellasanhaj', '2018-02-08 12:30:33'),
(35, 8, NULL, 0x3a3a31, 'ilham', '2018-02-08 13:11:28'),
(36, 8, NULL, 0x3a3a31, 'ilham', '2018-02-08 14:18:01'),
(37, 8, NULL, 0x3a3a31, 'ilham', '2018-02-08 14:19:56'),
(38, 8, NULL, 0x3a3a31, 'ilham', '2018-02-11 03:54:38'),
(39, 8, NULL, 0x3a3a31, 'ilham', '2018-02-11 07:43:52'),
(40, 7, NULL, 0x3a3a31, 'bellasanhaj', '2018-02-20 12:52:22'),
(41, 7, NULL, 0x3a3a31, 'bellasanhaj', '2018-02-20 12:53:02'),
(42, 8, NULL, 0x3a3a31, 'ilham', '2018-02-24 10:56:53'),
(43, 8, NULL, 0x3a3a31, 'ilham', '2018-03-23 13:11:24'),
(44, 8, NULL, 0x3a3a31, 'ilham', '2018-03-24 08:40:43'),
(45, 8, NULL, 0x3a3a31, 'ilham', '2018-03-26 13:33:50'),
(46, 8, NULL, 0x3a3a31, 'ilham', '2018-03-29 14:34:16'),
(47, 8, NULL, 0x3a3a31, 'ilham', '2018-03-29 16:41:16'),
(48, 8, NULL, 0x3a3a31, 'ilham', '2018-04-01 04:55:58'),
(49, 8, NULL, 0x3a3a31, 'ilham', '2018-04-26 11:48:14'),
(50, 9, NULL, 0x3a3a31, 'admin', '2018-04-26 11:52:31'),
(51, 9, NULL, 0x3a3a31, 'admin', '2018-04-26 12:00:17'),
(52, 8, NULL, 0x3a3a31, 'ilham', '2018-06-02 15:22:09'),
(53, 8, NULL, 0x3a3a31, 'ilham', '2018-06-02 15:29:09'),
(54, 8, NULL, 0x3a3a31, 'ilham', '2018-06-02 15:30:17'),
(55, 8, NULL, 0x3a3a31, 'ilham', '2018-06-02 15:30:27'),
(56, 8, NULL, 0x3a3a31, 'ilham', '2018-06-02 15:30:29'),
(57, 7, NULL, 0x3a3a31, 'bellasanhaj', '2018-06-09 22:13:55'),
(58, 7, NULL, 0x3a3a31, 'bellasanhaj', '2018-06-09 22:14:05'),
(59, 7, NULL, 0x3a3a31, 'bellasanhaj', '2018-06-09 22:14:08'),
(60, 7, NULL, 0x3a3a31, 'bellasanhaj', '2018-06-09 22:14:11'),
(61, 7, NULL, 0x3a3a31, 'bellasanhaj', '2018-06-09 22:14:16'),
(62, 7, NULL, 0x3a3a31, 'bellasanhaj', '2018-06-09 22:16:21'),
(63, 8, NULL, 0x3a3a31, 'ilham', '2018-06-10 03:51:46'),
(64, 9, NULL, 0x3a3a31, 'admin', '2019-07-12 04:12:51'),
(65, 7, NULL, 0x3a3a31, 'bellasanhaj', '2019-07-12 07:25:15'),
(66, 11, NULL, 0x3a3a31, 'dan@mail.com', '2019-07-12 07:44:23'),
(67, 9, NULL, 0x3139322e3136382e34332e31, 'admin', '2019-07-12 10:30:56'),
(68, 9, NULL, 0x3a3a31, 'admin', '2019-07-13 11:05:47'),
(69, 9, NULL, 0x3a3a31, 'admin', '2019-07-15 09:47:20'),
(70, 9, NULL, 0x3a3a31, 'admin', '2019-07-17 06:19:33'),
(71, 12, NULL, 0x3a3a31, 'danang', '2019-07-17 06:58:59'),
(72, 9, NULL, 0x3a3a31, 'admin', '2019-07-20 15:06:49'),
(73, 9, NULL, 0x3a3a31, 'admin', '2019-07-23 09:26:54'),
(74, 9, NULL, 0x3a3a31, 'admin', '2019-07-23 13:39:49'),
(75, 9, NULL, 0x3a3a31, 'admin', '2019-07-23 13:39:49'),
(76, 9, NULL, 0x3a3a31, 'admin', '2019-07-23 13:39:50'),
(77, 9, NULL, 0x3a3a31, 'admin', '2019-07-23 13:39:50'),
(78, 9, NULL, 0x3a3a31, 'admin', '2019-07-23 13:39:50'),
(79, 9, NULL, 0x3a3a31, 'admin', '2019-07-23 13:39:51'),
(80, 9, NULL, 0x3a3a31, 'admin', '2019-07-23 13:39:51'),
(81, 9, NULL, 0x3a3a31, 'admin', '2019-07-23 13:39:51'),
(82, 9, NULL, 0x3a3a31, 'admin', '2019-07-23 13:39:51'),
(83, 9, NULL, 0x3a3a31, 'admin', '2019-07-23 13:50:41'),
(84, 9, NULL, 0x3a3a31, 'admin', '2019-08-13 03:18:32'),
(85, 9, NULL, 0x3a3a31, 'admin', '2019-08-13 04:32:27'),
(86, 9, NULL, 0x3a3a31, 'admin', '2019-08-13 04:55:49'),
(87, 9, NULL, 0x3a3a31, 'admin', '2019-08-13 05:45:47'),
(88, 9, NULL, 0x3a3a31, 'admin', '2019-08-14 04:47:17'),
(89, 9, NULL, 0x3a3a31, 'admin', '2019-08-15 02:24:00'),
(90, 9, NULL, 0x3a3a31, 'admin', '2019-08-15 04:55:45'),
(91, 9, NULL, 0x3a3a31, 'admin', '2019-08-15 05:12:51'),
(92, 9, NULL, 0x3a3a31, 'admin', '2019-08-15 05:13:52'),
(93, 9, NULL, 0x3a3a31, 'admin', '2019-08-15 05:23:33'),
(94, 9, NULL, 0x3a3a31, 'admin', '2019-08-15 05:27:38'),
(95, 9, NULL, 0x3a3a31, 'admin', '2019-08-15 06:02:33'),
(96, 13, NULL, 0x3a3a31, 'admin2', '2019-08-15 06:15:59'),
(97, 9, NULL, 0x3a3a31, 'admin', '2019-08-15 06:29:46'),
(98, 13, NULL, 0x3a3a31, 'admin2', '2019-08-15 06:31:04'),
(99, 9, NULL, 0x3a3a31, 'admin', '2019-08-15 06:40:37'),
(100, 9, NULL, 0x3132372e302e302e31, 'admin', '2019-08-15 06:56:06'),
(101, 13, NULL, 0x3132372e302e302e31, 'admin2', '2019-08-15 06:57:09'),
(102, 9, NULL, 0x3a3a31, 'admin', '2019-08-16 03:00:52'),
(103, 9, NULL, 0x3a3a31, 'admin', '2019-08-16 03:02:14'),
(104, 9, NULL, 0x3a3a31, 'admin', '2019-08-16 03:03:05'),
(105, 9, NULL, 0x3a3a31, 'admin', '2019-08-16 03:18:47'),
(106, 9, NULL, 0x3a3a31, 'admin', '2019-08-17 03:08:16'),
(107, 9, NULL, 0x3a3a31, 'admin', '2019-08-17 03:10:23'),
(108, 9, NULL, 0x3a3a31, 'admin', '2019-08-19 03:20:39'),
(109, 13, NULL, 0x3a3a31, 'admin2', '2019-08-19 04:31:46'),
(110, 9, NULL, 0x3a3a31, 'admin', '2019-08-19 05:49:38'),
(111, 13, NULL, 0x3a3a31, 'admin2', '2019-08-19 07:03:25'),
(112, 9, NULL, 0x3a3a31, 'admin', '2019-08-19 15:05:04'),
(113, 9, NULL, 0x3a3a31, 'admin', '2019-08-20 03:01:16'),
(114, 9, NULL, 0x3a3a31, 'admin', '2019-08-20 03:31:35'),
(115, 9, NULL, 0x3a3a31, 'admin', '2019-08-21 02:25:49');

--
-- Indexes for dumped tables
--

--
-- Indexes for table `tec_categories`
--
ALTER TABLE `tec_categories`
 ADD PRIMARY KEY (`id`);

--
-- Indexes for table `tec_category_menu`
--
ALTER TABLE `tec_category_menu`
 ADD PRIMARY KEY (`id`);

--
-- Indexes for table `tec_combo_items`
--
ALTER TABLE `tec_combo_items`
 ADD PRIMARY KEY (`id`);

--
-- Indexes for table `tec_customers`
--
ALTER TABLE `tec_customers`
 ADD PRIMARY KEY (`id`);

--
-- Indexes for table `tec_expenses`
--
ALTER TABLE `tec_expenses`
 ADD PRIMARY KEY (`id`);

--
-- Indexes for table `tec_gift_cards`
--
ALTER TABLE `tec_gift_cards`
 ADD PRIMARY KEY (`id`), ADD UNIQUE KEY `card_no` (`card_no`);

--
-- Indexes for table `tec_groups`
--
ALTER TABLE `tec_groups`
 ADD PRIMARY KEY (`id`);

--
-- Indexes for table `tec_login_attempts`
--
ALTER TABLE `tec_login_attempts`
 ADD PRIMARY KEY (`id`);

--
-- Indexes for table `tec_payments`
--
ALTER TABLE `tec_payments`
 ADD PRIMARY KEY (`id`);

--
-- Indexes for table `tec_printers`
--
ALTER TABLE `tec_printers`
 ADD PRIMARY KEY (`id`);

--
-- Indexes for table `tec_products`
--
ALTER TABLE `tec_products`
 ADD PRIMARY KEY (`id`), ADD UNIQUE KEY `code` (`code`);

--
-- Indexes for table `tec_product_store_qty`
--
ALTER TABLE `tec_product_store_qty`
 ADD PRIMARY KEY (`id`), ADD KEY `product_id` (`product_id`), ADD KEY `store_id` (`store_id`);

--
-- Indexes for table `tec_purchases`
--
ALTER TABLE `tec_purchases`
 ADD PRIMARY KEY (`id`);

--
-- Indexes for table `tec_purchase_items`
--
ALTER TABLE `tec_purchase_items`
 ADD PRIMARY KEY (`id`);

--
-- Indexes for table `tec_registers`
--
ALTER TABLE `tec_registers`
 ADD PRIMARY KEY (`id`);

--
-- Indexes for table `tec_sales`
--
ALTER TABLE `tec_sales`
 ADD PRIMARY KEY (`id`);

--
-- Indexes for table `tec_sale_items`
--
ALTER TABLE `tec_sale_items`
 ADD PRIMARY KEY (`id`);

--
-- Indexes for table `tec_sessions`
--
ALTER TABLE `tec_sessions`
 ADD PRIMARY KEY (`id`), ADD KEY `ci_sessions_timestamp` (`timestamp`);

--
-- Indexes for table `tec_settings`
--
ALTER TABLE `tec_settings`
 ADD PRIMARY KEY (`setting_id`);

--
-- Indexes for table `tec_stores`
--
ALTER TABLE `tec_stores`
 ADD PRIMARY KEY (`id`);

--
-- Indexes for table `tec_suppliers`
--
ALTER TABLE `tec_suppliers`
 ADD PRIMARY KEY (`id`);

--
-- Indexes for table `tec_suspended_items`
--
ALTER TABLE `tec_suspended_items`
 ADD PRIMARY KEY (`id`);

--
-- Indexes for table `tec_suspended_sales`
--
ALTER TABLE `tec_suspended_sales`
 ADD PRIMARY KEY (`id`);

--
-- Indexes for table `tec_tables`
--
ALTER TABLE `tec_tables`
 ADD PRIMARY KEY (`id`);

--
-- Indexes for table `tec_users`
--
ALTER TABLE `tec_users`
 ADD PRIMARY KEY (`id`), ADD KEY `group_id` (`group_id`);

--
-- Indexes for table `tec_user_logins`
--
ALTER TABLE `tec_user_logins`
 ADD PRIMARY KEY (`id`);

--
-- AUTO_INCREMENT for dumped tables
--

--
-- AUTO_INCREMENT for table `tec_categories`
--
ALTER TABLE `tec_categories`
MODIFY `id` int(11) NOT NULL AUTO_INCREMENT,AUTO_INCREMENT=34;
--
-- AUTO_INCREMENT for table `tec_category_menu`
--
ALTER TABLE `tec_category_menu`
MODIFY `id` int(11) NOT NULL AUTO_INCREMENT,AUTO_INCREMENT=7;
--
-- AUTO_INCREMENT for table `tec_combo_items`
--
ALTER TABLE `tec_combo_items`
MODIFY `id` int(11) NOT NULL AUTO_INCREMENT;
--
-- AUTO_INCREMENT for table `tec_customers`
--
ALTER TABLE `tec_customers`
MODIFY `id` int(11) NOT NULL AUTO_INCREMENT,AUTO_INCREMENT=3;
--
-- AUTO_INCREMENT for table `tec_expenses`
--
ALTER TABLE `tec_expenses`
MODIFY `id` int(11) NOT NULL AUTO_INCREMENT;
--
-- AUTO_INCREMENT for table `tec_gift_cards`
--
ALTER TABLE `tec_gift_cards`
MODIFY `id` int(11) NOT NULL AUTO_INCREMENT,AUTO_INCREMENT=2;
--
-- AUTO_INCREMENT for table `tec_groups`
--
ALTER TABLE `tec_groups`
MODIFY `id` mediumint(8) unsigned NOT NULL AUTO_INCREMENT,AUTO_INCREMENT=11;
--
-- AUTO_INCREMENT for table `tec_login_attempts`
--
ALTER TABLE `tec_login_attempts`
MODIFY `id` mediumint(8) unsigned NOT NULL AUTO_INCREMENT,AUTO_INCREMENT=3;
--
-- AUTO_INCREMENT for table `tec_payments`
--
ALTER TABLE `tec_payments`
MODIFY `id` int(11) NOT NULL AUTO_INCREMENT,AUTO_INCREMENT=7;
--
-- AUTO_INCREMENT for table `tec_printers`
--
ALTER TABLE `tec_printers`
MODIFY `id` int(11) NOT NULL AUTO_INCREMENT;
--
-- AUTO_INCREMENT for table `tec_products`
--
ALTER TABLE `tec_products`
MODIFY `id` int(11) NOT NULL AUTO_INCREMENT,AUTO_INCREMENT=5;
--
-- AUTO_INCREMENT for table `tec_product_store_qty`
--
ALTER TABLE `tec_product_store_qty`
MODIFY `id` int(11) NOT NULL AUTO_INCREMENT,AUTO_INCREMENT=9;
--
-- AUTO_INCREMENT for table `tec_purchases`
--
ALTER TABLE `tec_purchases`
MODIFY `id` int(11) NOT NULL AUTO_INCREMENT;
--
-- AUTO_INCREMENT for table `tec_purchase_items`
--
ALTER TABLE `tec_purchase_items`
MODIFY `id` int(11) NOT NULL AUTO_INCREMENT;
--
-- AUTO_INCREMENT for table `tec_registers`
--
ALTER TABLE `tec_registers`
MODIFY `id` int(11) NOT NULL AUTO_INCREMENT,AUTO_INCREMENT=16;
--
-- AUTO_INCREMENT for table `tec_sales`
--
ALTER TABLE `tec_sales`
MODIFY `id` int(11) NOT NULL AUTO_INCREMENT,AUTO_INCREMENT=8;
--
-- AUTO_INCREMENT for table `tec_sale_items`
--
ALTER TABLE `tec_sale_items`
MODIFY `id` int(11) NOT NULL AUTO_INCREMENT,AUTO_INCREMENT=15;
--
-- AUTO_INCREMENT for table `tec_stores`
--
ALTER TABLE `tec_stores`
MODIFY `id` int(11) NOT NULL AUTO_INCREMENT,AUTO_INCREMENT=2;
--
-- AUTO_INCREMENT for table `tec_suppliers`
--
ALTER TABLE `tec_suppliers`
MODIFY `id` int(11) NOT NULL AUTO_INCREMENT;
--
-- AUTO_INCREMENT for table `tec_suspended_items`
--
ALTER TABLE `tec_suspended_items`
MODIFY `id` int(11) NOT NULL AUTO_INCREMENT,AUTO_INCREMENT=4;
--
-- AUTO_INCREMENT for table `tec_suspended_sales`
--
ALTER TABLE `tec_suspended_sales`
MODIFY `id` int(11) NOT NULL AUTO_INCREMENT,AUTO_INCREMENT=3;
--
-- AUTO_INCREMENT for table `tec_tables`
--
ALTER TABLE `tec_tables`
MODIFY `id` int(11) NOT NULL AUTO_INCREMENT,AUTO_INCREMENT=4;
--
-- AUTO_INCREMENT for table `tec_users`
--
ALTER TABLE `tec_users`
MODIFY `id` int(11) unsigned NOT NULL AUTO_INCREMENT,AUTO_INCREMENT=14;
--
-- AUTO_INCREMENT for table `tec_user_logins`
--
ALTER TABLE `tec_user_logins`
MODIFY `id` int(11) NOT NULL AUTO_INCREMENT,AUTO_INCREMENT=116;
/*!40101 SET CHARACTER_SET_CLIENT=@OLD_CHARACTER_SET_CLIENT */;
/*!40101 SET CHARACTER_SET_RESULTS=@OLD_CHARACTER_SET_RESULTS */;
/*!40101 SET COLLATION_CONNECTION=@OLD_COLLATION_CONNECTION */;
